diameter_um,charge_e,captured_fraction,outlet_fraction,unresolved_fraction,capture_upper_bound
0.5,0,0.0,0.9981856377867933,0.001814362213206794,0.001814362213206794
0.5,15,0.43461885887076024,0.5653811411292398,0.0,0.43461885887076024
0.5,30,0.8122562899050647,0.1877437100949352,0.0,0.8122562899050647
0.5,60,0.9999999999999999,0.0,0.0,0.9999999999999999
1.0,0,0.0,0.9981856377867933,0.001814362213206794,0.001814362213206794
1.0,15,0.19238904089698494,0.8076109591030151,0.0,0.19238904089698494
1.0,30,0.37860513609867197,0.621394863901328,0.0,0.37860513609867197
1.0,60,0.7300541913258806,0.2699458086741193,0.0,0.7300541913258806
2.0,0,0.0,0.9981856377867933,0.001814362213206794,0.001814362213206794
2.0,15,0.09207949792417933,0.9079205020758206,0.0,0.09207949792417933
2.0,30,0.18238293688644208,0.817617063113558,0.0,0.18238293688644208
2.0,60,0.353617335504528,0.646382664495472,0.0,0.353617335504528
