case,gap_mm,diameter_um,charge_e,voltage_v,capture_percent,outlet_percent,unresolved_percent,capture_upper_bound_percent
gap4fine,4.0,0.5,0,200.0,0.0,99.97499400352827,0.02500599647172791,0.02500599647172791
gap4fine,4.0,0.5,15,200.0,64.16318042233286,35.83681957766714,0.0,64.16318042233286
gap4fine,4.0,0.5,30,200.0,100.0,0.0,0.0,100.0
gap4fine,4.0,0.5,60,200.0,100.0,0.0,0.0,100.0
gap4fine,4.0,1.0,0,200.0,0.0,99.97499400352827,0.02500599647172791,0.02500599647172791
gap4fine,4.0,1.0,15,200.0,29.11930957760892,70.88069042239108,0.0,29.11930957760892
gap4fine,4.0,1.0,30,200.0,57.59027342177446,42.40972657822554,0.0,57.59027342177446
gap4fine,4.0,1.0,60,200.0,100.0,0.0,0.0,100.0
gap4fine,4.0,2.0,0,200.0,0.0,99.97499400352827,0.02500599647172791,0.02500599647172791
gap4fine,4.0,2.0,15,200.0,13.693131322821195,86.30686867717881,0.0,13.693131322821195
gap4fine,4.0,2.0,30,200.0,26.653799600126902,73.3462003998731,0.0,26.653799600126902
gap4fine,4.0,2.0,60,200.0,52.91272308599394,47.08727691400607,0.0,52.91272308599394
gap6fine,6.0,0.5,0,200.0,0.0,99.81856377867932,0.18143622132067938,0.18143622132067938
gap6fine,6.0,0.5,15,200.0,43.46188588707602,56.53811411292398,0.0,43.46188588707602
gap6fine,6.0,0.5,30,200.0,81.22562899050646,18.77437100949352,0.0,81.22562899050646
gap6fine,6.0,0.5,60,200.0,99.99999999999999,0.0,0.0,99.99999999999999
gap6fine,6.0,1.0,0,200.0,0.0,99.81856377867932,0.18143622132067938,0.18143622132067938
gap6fine,6.0,1.0,15,200.0,19.238904089698494,80.7610959103015,0.0,19.238904089698494
gap6fine,6.0,1.0,30,200.0,37.8605136098672,62.1394863901328,0.0,37.8605136098672
gap6fine,6.0,1.0,60,200.0,73.00541913258806,26.994580867411933,0.0,73.00541913258806
gap6fine,6.0,2.0,0,200.0,0.0,99.81856377867932,0.18143622132067938,0.18143622132067938
gap6fine,6.0,2.0,15,200.0,9.207949792417933,90.79205020758207,0.0,9.207949792417933
gap6fine,6.0,2.0,30,200.0,18.23829368864421,81.7617063113558,0.0,18.23829368864421
gap6fine,6.0,2.0,60,200.0,35.3617335504528,64.6382664495472,0.0,35.3617335504528
gap8fine,8.0,0.5,0,200.0,0.0,99.63912621320084,0.36087378679914606,0.36087378679914606
gap8fine,8.0,0.5,15,200.0,32.529278920371254,67.47072107962875,0.0,32.529278920371254
gap8fine,8.0,0.5,30,200.0,62.33511475425464,37.66488524574535,0.0,62.33511475425464
gap8fine,8.0,0.5,60,200.0,99.99999999999997,0.0,0.0,99.99999999999997
gap8fine,8.0,1.0,0,200.0,0.0,99.63912621320084,0.36087378679914606,0.36087378679914606
gap8fine,8.0,1.0,15,200.0,14.533933808150787,85.4660661918492,0.0,14.533933808150787
gap8fine,8.0,1.0,30,200.0,28.546766217784498,71.45323378221549,0.0,28.546766217784498
gap8fine,8.0,1.0,60,200.0,55.29264124210567,44.70735875789431,0.0,55.29264124210567
gap8fine,8.0,2.0,0,200.0,0.0,99.63912621320084,0.36087378679914606,0.36087378679914606
gap8fine,8.0,2.0,15,200.0,7.111289308934243,92.88871069106574,0.0,7.111289308934243
gap8fine,8.0,2.0,30,200.0,14.011184191694493,85.98881580830549,0.0,14.011184191694493
gap8fine,8.0,2.0,60,200.0,26.617346321837452,73.38265367816254,0.0,26.617346321837452
